{
  "qonnx_to_finn_step": 0.12743878364562988,
  "normalize_dataflow_layouts_step": 0.003760099411010742,
  "lenet_pre_dataflow_cleanup_step": 0.0954141616821289,
  "lenet_streamline_step": 0.9160540103912354,
  "lenet_clean_transposes_before_hw_step": 0.7922496795654297,
  "lenet_infer_hw_layers_step": 0.13289356231689453,
  "lenet_partition_sanity_check_step": 0.03873157501220703,
  "step_transpose_decomposition": 1.3828277587890625e-05,
  "build_dataflow_graph": 0.12280941009521484,
  "specialize_layers_step": 0.12176060676574707,
  "lenet_pre_partition_cleanup_step": 0.17264056205749512,
  "step_create_dataflow_partition": 0.013619184494018555,
  "build_hw_graph": 0.024986982345581055,
  "lenet_specialize_remaining_hw_layers_step": 0.027844667434692383,
  "target_fps_parallelization_step": 0.009166955947875977,
  "apply_parallelization_config_step": 0.0004189014434814453,
  "step_minimize_bit_width": 0.0615077018737793,
  "step_generate_estimate_reports": 0.02038288116455078,
  "step_hw_codegen": 0.855924129486084,
  "step_hw_ipgen": 73.1460428237915,
  "step_set_fifo_depths": 0.17018890380859375,
  "step_create_stitched_ip": 43.01144313812256,
  "step_measure_rtlsim_performance": 17.507331609725952
}